Category,link
Development,https://www.udemy.com//courses/development/
Web Development,https://www.udemy.com//courses/development/web-development/
Data Science,https://www.udemy.com//courses/development/data-science/
Mobile Development,https://www.udemy.com//courses/development/mobile-apps/
Programming Languages,https://www.udemy.com//courses/development/programming-languages/
Game Development,https://www.udemy.com//courses/development/game-development/
Database Design & Development,https://www.udemy.com//courses/development/databases/
Software Testing,https://www.udemy.com//courses/development/software-testing/
Software Engineering,https://www.udemy.com//courses/development/software-engineering/
Software Development Tools,https://www.udemy.com//courses/development/development-tools/
No-Code Development,https://www.udemy.com//courses/development/no-code-development/
Business,https://www.udemy.com//courses/business/
Entrepreneurship,https://www.udemy.com//courses/business/entrepreneurship/
Communication,https://www.udemy.com//courses/business/communications/
Management,https://www.udemy.com//courses/business/management/
Sales,https://www.udemy.com//courses/business/sales/
Business Strategy,https://www.udemy.com//courses/business/strategy/
Operations,https://www.udemy.com//courses/business/operations/
Project Management,https://www.udemy.com//courses/business/project-management/
Business Law,https://www.udemy.com//courses/business/business-law/
Business Analytics & Intelligence,https://www.udemy.com//courses/business/analytics-and-intelligence/
Human Resources,https://www.udemy.com//courses/business/human-resources/
Industry,https://www.udemy.com//courses/business/industry/
E-Commerce,https://www.udemy.com//courses/business/e-commerce/
Media,https://www.udemy.com//courses/business/media/
Real Estate,https://www.udemy.com//courses/business/real-estate/
Other Business,https://www.udemy.com//courses/business/other-business/
Finance & Accounting,https://www.udemy.com//courses/finance-and-accounting/
Accounting & Bookkeeping,https://www.udemy.com//courses/finance-and-accounting/accounting-bookkeeping/
Compliance,https://www.udemy.com//courses/finance-and-accounting/compliance/
Cryptocurrency & Blockchain,https://www.udemy.com//courses/finance-and-accounting/cryptocurrency-and-blockchain/
Economics,https://www.udemy.com//courses/finance-and-accounting/economics/
Finance,https://www.udemy.com//courses/finance-and-accounting/finance-management/
Finance Cert & Exam Prep,https://www.udemy.com//courses/finance-and-accounting/finance-certification-and-exam-prep/
Financial Modeling & Analysis,https://www.udemy.com//courses/finance-and-accounting/financial-modeling-and-analysis/
Investing & Trading,https://www.udemy.com//courses/finance-and-accounting/investing-and-trading/
Money Management Tools,https://www.udemy.com//courses/finance-and-accounting/money-management-tools/
Taxes,https://www.udemy.com//courses/finance-and-accounting/taxes/
Other Finance & Accounting,https://www.udemy.com//courses/finance-and-accounting/other-finance-and-accounting/
IT & Software,https://www.udemy.com//courses/it-and-software/
IT Certifications,https://www.udemy.com//courses/it-and-software/it-certification/
Network & Security,https://www.udemy.com//courses/it-and-software/network-and-security/
Hardware,https://www.udemy.com//courses/it-and-software/hardware/
Operating Systems & Servers,https://www.udemy.com//courses/it-and-software/operating-systems/
Other IT & Software,https://www.udemy.com//courses/it-and-software/other-it-and-software/
Office Productivity,https://www.udemy.com//courses/office-productivity/
Microsoft,https://www.udemy.com//courses/office-productivity/microsoft/
Apple,https://www.udemy.com//courses/office-productivity/apple/
Google,https://www.udemy.com//courses/office-productivity/google/
SAP,https://www.udemy.com//courses/office-productivity/sap/
Oracle,https://www.udemy.com//courses/office-productivity/oracle/
Other Office Productivity,https://www.udemy.com//courses/office-productivity/other-productivity/
Personal Development,https://www.udemy.com//courses/personal-development/
Personal Transformation,https://www.udemy.com//courses/personal-development/personal-transformation/
Personal Productivity,https://www.udemy.com//courses/personal-development/productivity/
Leadership,https://www.udemy.com//courses/personal-development/leadership/
Career Development,https://www.udemy.com//courses/personal-development/career-development/
Parenting & Relationships,https://www.udemy.com//courses/personal-development/parenting-and-relationships/
Happiness,https://www.udemy.com//courses/personal-development/happiness/
Esoteric Practices,https://www.udemy.com//courses/lifestyle/esoteric-practices/
Religion & Spirituality,https://www.udemy.com//courses/personal-development/religion-and-spirituality/
Personal Brand Building,https://www.udemy.com//courses/personal-development/personal-brand-building/
Creativity,https://www.udemy.com//courses/personal-development/creativity/
Influence,https://www.udemy.com//courses/personal-development/influence/
Self Esteem & Confidence,https://www.udemy.com//courses/personal-development/self-esteem-and-confidence/
Stress Management,https://www.udemy.com//courses/personal-development/stress-management/
Memory & Study Skills,https://www.udemy.com//courses/personal-development/memory/
Motivation,https://www.udemy.com//courses/personal-development/motivation/
Other Personal Development,https://www.udemy.com//courses/personal-development/other-personal-development/
Design,https://www.udemy.com//courses/design/
Web Design,https://www.udemy.com//courses/design/web-design/
Graphic Design & Illustration,https://www.udemy.com//courses/design/graphic-design-and-illustration/
Design Tools,https://www.udemy.com//courses/design/design-tools/
User Experience Design,https://www.udemy.com//courses/design/user-experience/
Game Design,https://www.udemy.com//courses/design/game-design/
Design Thinking,https://www.udemy.com//courses/design/design-thinking/
3D & Animation,https://www.udemy.com//courses/design/3d-and-animation/
Fashion Design,https://www.udemy.com//courses/design/fashion/
Architectural Design,https://www.udemy.com//courses/design/architectural-design/
Interior Design,https://www.udemy.com//courses/design/interior-design/
Other Design,https://www.udemy.com//courses/design/other-design/
Marketing,https://www.udemy.com//courses/marketing/
Digital Marketing,https://www.udemy.com//courses/marketing/digital-marketing/
Search Engine Optimization,https://www.udemy.com//courses/marketing/search-engine-optimization/
Social Media Marketing,https://www.udemy.com//courses/marketing/social-media-marketing/
Branding,https://www.udemy.com//courses/marketing/branding/
Marketing Fundamentals,https://www.udemy.com//courses/marketing/marketing-fundamentals/
Marketing Analytics & Automation,https://www.udemy.com//courses/marketing/analytics-and-automation/
Public Relations,https://www.udemy.com//courses/marketing/public-relations/
Advertising,https://www.udemy.com//courses/marketing/advertising/
Video & Mobile Marketing,https://www.udemy.com//courses/marketing/video-and-mobile-marketing/
Content Marketing,https://www.udemy.com//courses/marketing/content-marketing/
Growth Hacking,https://www.udemy.com//courses/marketing/growth-hacking/
Affiliate Marketing,https://www.udemy.com//courses/marketing/affiliate-marketing/
Product Marketing,https://www.udemy.com//courses/marketing/product-marketing/
Other Marketing,https://www.udemy.com//courses/marketing/other-marketing/
Lifestyle,https://www.udemy.com//courses/lifestyle/
Arts & Crafts,https://www.udemy.com//courses/lifestyle/arts-and-crafts/
Beauty & Makeup,https://www.udemy.com//courses/lifestyle/beauty-and-makeup/
Esoteric Practices,https://www.udemy.com//courses/lifestyle/esoteric-practices/
Food & Beverage,https://www.udemy.com//courses/lifestyle/food-and-beverage/
Gaming,https://www.udemy.com//courses/lifestyle/gaming/
Home Improvement,https://www.udemy.com//courses/lifestyle/home-improvement/
Pet Care & Training,https://www.udemy.com//courses/lifestyle/pet-care-and-training/
Travel,https://www.udemy.com//courses/lifestyle/travel/
Other Lifestyle,https://www.udemy.com//courses/lifestyle/other-lifestyle/
Photography & Video,https://www.udemy.com//courses/photography-and-video/
Digital Photography,https://www.udemy.com//courses/photography-and-video/digital-photography/
Photography,https://www.udemy.com//courses/photography-and-video/photography-fundamentals/
Portrait Photography,https://www.udemy.com//courses/photography-and-video/portraits/
Photography Tools,https://www.udemy.com//courses/photography-and-video/photography-tools/
Commercial Photography,https://www.udemy.com//courses/photography-and-video/commercial-photography/
Video Design,https://www.udemy.com//courses/photography-and-video/video-design/
Other Photography & Video,https://www.udemy.com//courses/photography-and-video/other-photography-and-video/
Health & Fitness,https://www.udemy.com//courses/health-and-fitness/
Fitness,https://www.udemy.com//courses/health-and-fitness/fitness/
General Health,https://www.udemy.com//courses/health-and-fitness/general-health/
Sports,https://www.udemy.com//courses/health-and-fitness/sports/
Nutrition,https://www.udemy.com//courses/health-and-fitness/nutrition/
Yoga,https://www.udemy.com//courses/health-and-fitness/yoga/
Mental Health,https://www.udemy.com//courses/health-and-fitness/mental-health/
Dieting,https://www.udemy.com//courses/health-and-fitness/dieting/
Self Defense,https://www.udemy.com//courses/health-and-fitness/self-defense/
Safety & First Aid,https://www.udemy.com//courses/health-and-fitness/safety-and-first-aid/
Dance,https://www.udemy.com//courses/health-and-fitness/dance/
Meditation,https://www.udemy.com//courses/health-and-fitness/meditation/
Other Health & Fitness,https://www.udemy.com//courses/health-and-fitness/other-health-and-fitness/
Music,https://www.udemy.com//courses/music/
Instruments,https://www.udemy.com//courses/music/instruments/
Music Production,https://www.udemy.com//courses/music/production/
Music Fundamentals,https://www.udemy.com//courses/music/music-fundamentals/
Vocal,https://www.udemy.com//courses/music/vocal/
Music Techniques,https://www.udemy.com//courses/music/music-techniques/
Music Software,https://www.udemy.com//courses/music/music-software/
Other Music,https://www.udemy.com//courses/music/other-music/
Teaching & Academics,https://www.udemy.com//courses/teaching-and-academics/
Engineering,https://www.udemy.com//courses/teaching-and-academics/engineering/
Humanities,https://www.udemy.com//courses/teaching-and-academics/humanities/
Math,https://www.udemy.com//courses/teaching-and-academics/math/
Science,https://www.udemy.com//courses/teaching-and-academics/science/
Online Education,https://www.udemy.com//courses/teaching-and-academics/online-education/
Social Science,https://www.udemy.com//courses/teaching-and-academics/social-science/
Language Learning,https://www.udemy.com//courses/teaching-and-academics/language/
Teacher Training,https://www.udemy.com//courses/teaching-and-academics/teacher-training/
Test Prep,https://www.udemy.com//courses/teaching-and-academics/test-prep/
Other Teaching & Academics,https://www.udemy.com//courses/teaching-and-academics/other-teaching-academics/
AWS Certification,https://www.udemy.com//topic/aws-certification/
Microsoft Certification,https://www.udemy.com//topic/microsoft-certification/
AWS Certified Solutions Architect - Associate,https://www.udemy.com//topic/aws-certified-solutions-architect-associate/
AWS Certified Cloud Practitioner,https://www.udemy.com//topic/aws-certified-cloud-practitioner/
CompTIA A+,https://www.udemy.com//topic/comptia-a/
Amazon AWS,https://www.udemy.com//topic/amazon-aws/
Cisco CCNA,https://www.udemy.com//topic/cisco-ccna/
AWS Certified Developer - Associate,https://www.udemy.com//topic/aws-certified-developer-associate/
Microsoft AZ-900,https://www.udemy.com//topic/microsoft-az-900/
Graphic Design,https://www.udemy.com//topic/graphic-design/
Photoshop,https://www.udemy.com//topic/photoshop/
Adobe Illustrator,https://www.udemy.com//topic/adobe-illustrator/
Drawing,https://www.udemy.com//topic/drawing/
Digital Painting,https://www.udemy.com//topic/digital-painting/
InDesign,https://www.udemy.com//topic/indesign/
Canva,https://www.udemy.com//topic/canva/
Design Theory,https://www.udemy.com//topic/design-theory/
Character Design,https://www.udemy.com//topic/character-design/
Life Coach Training,https://www.udemy.com//topic/life-coaching/
Personal Development,https://www.udemy.com//topic/personal-development/
Neuro-Linguistic Programming,https://www.udemy.com//topic/neuro-linguistic-programming/
Personal Transformation,https://www.udemy.com//topic/personal-transformation/
Mindfulness,https://www.udemy.com//topic/mindfulness/
Life Purpose,https://www.udemy.com//topic/life-purpose/
Meditation,https://www.udemy.com//topic/meditation/
CBT,https://www.udemy.com//topic/cbt/
Coaching,https://www.udemy.com//topic/coaching/
Web Development,https://www.udemy.com//topic/web-development/
JavaScript,https://www.udemy.com//topic/javascript/
React,https://www.udemy.com//topic/react/
Angular,https://www.udemy.com//topic/angular/
CSS,https://www.udemy.com//topic/css/
Node.Js,https://www.udemy.com//topic/nodejs/
Django,https://www.udemy.com//topic/django/
PHP,https://www.udemy.com//topic/php/
WordPress,https://www.udemy.com//topic/wordpress/
Google Flutter,https://www.udemy.com//topic/google-flutter/
Android Development,https://www.udemy.com//topic/android-development/
iOS Development,https://www.udemy.com//topic/ios-development/
React Native,https://www.udemy.com//topic/react-native/
Swift,https://www.udemy.com//topic/swift/
Dart (programming language),https://www.udemy.com//topic/dart-programming-language/
Mobile Development,https://www.udemy.com//topic/mobile-development/
Kotlin,https://www.udemy.com//topic/kotlin/
SwiftUI,https://www.udemy.com//topic/swiftui/
Digital Marketing,https://www.udemy.com//topic/digital-marketing/
Google Ads (Adwords),https://www.udemy.com//topic/google-ads/
Social Media Marketing,https://www.udemy.com//topic/social-media-marketing/
Marketing Strategy,https://www.udemy.com//topic/marketing-strategy/
Google Ads (AdWords) Certification,https://www.udemy.com//topic/google-ads-certification/
Internet Marketing,https://www.udemy.com//topic/internet-marketing/
YouTube Marketing,https://www.udemy.com//topic/youtube-marketing/
Google Analytics,https://www.udemy.com//topic/google-analytics/
Email Marketing,https://www.udemy.com//topic/email-marketing/
Microsoft Power BI,https://www.udemy.com//topic/microsoft-power-bi/
SQL,https://www.udemy.com//topic/sql/
Tableau,https://www.udemy.com//topic/tableau/
Business Analysis,https://www.udemy.com//topic/business-analysis/
Data Modeling,https://www.udemy.com//topic/data-modeling/
Business Intelligence,https://www.udemy.com//topic/business-intelligence/
MySQL,https://www.udemy.com//topic/mysql/
Data Analysis,https://www.udemy.com//topic/data-analysis/
Blockchain,https://www.udemy.com//topic/blockchain/
Business Fundamentals,https://www.udemy.com//topic/business-fundamentals/
Entrepreneurship Fundamentals,https://www.udemy.com//topic/entrepreneurship/
Business Strategy,https://www.udemy.com//topic/business-strategy/
Freelancing,https://www.udemy.com//topic/freelancing/
Startup,https://www.udemy.com//topic/startup/
Business Plan,https://www.udemy.com//topic/business-plan/
Online Business,https://www.udemy.com//topic/online-business/
Blogging,https://www.udemy.com//topic/blogging/
Home Business,https://www.udemy.com//topic/home-business/
Unity,https://www.udemy.com//topic/unity/
Unreal Engine,https://www.udemy.com//topic/unreal-engine/
Game Development Fundamentals,https://www.udemy.com//topic/game-development/
C#,https://www.udemy.com//topic/c-sharp/
3D Game Development,https://www.udemy.com//topic/3d-game-development/
C++,https://www.udemy.com//topic/c-plus-plus/
Unreal Engine Blueprints,https://www.udemy.com//topic/unreal-engine-blueprints/
2D Game Development,https://www.udemy.com//topic/2d-game-development/
Mobile Game Development,https://www.udemy.com//topic/mobile-game-development/
Design,https://www.udemy.com//c
Development,https://www.udemy.com//course
Marketing,https://www.udemy.com//cour
IT and Software,https://www.udemy.com//courses/it
Personal Development,https://www.udemy.com//courses/persona
Business,https://www.udemy.com//cou
Photography,https://www.udemy.com//course
Music,https://www.udemy.com//
Design,https://www.udemy.com//c
Development,https://www.udemy.com//course
Marketing,https://www.udemy.com//cour
IT and Software,https://www.udemy.com//courses/it
Personal Development,https://www.udemy.com//courses/persona
Business,https://www.udemy.com//cou
Photography,https://www.udemy.com//course
Music,https://www.udemy.com//
Python,https://www.udemy.com/
Web Development,https://www.udemy.com//topic/we
Machine Learning,https://www.udemy.com//topic/mac
Financial Analysis,https://www.udemy.com//topic/finan
SQL,https://www.udemy.com/
PMP,https://www.udemy.com/
AWS Certification,https://www.udemy.com//topic/aws-
Ethical Hacking,https://www.udemy.com//topic/et
Cyber Security,https://www.udemy.com//topic/c
Photoshop,https://www.udemy.com//to
Graphic Design,https://www.udemy.com//topic/g
Drawing,https://www.udemy.com//
Explore more topics,https://www.udemy.com//fe
Start teaching today,https://www.udemy.com//teaching/?ref=t
"
",https://www.udemy.com//udemy-business/?locale=en_US&amp;path=request-demo-in-mx%2F&amp;ref=ufb_home-body&amp;utm_campaign=mx-hooks&amp;utm_content=ufb-home-body&amp;utm_medium=referral&amp;utm_source=marketplace&amp;utm_term=" rel="noopener" 
"
Get Udemy Business
",https://www.udemy.com//udemy-business/?locale=en_US&amp;path=request-demo-in-mx%2F&amp;ref=ufb_home-body&amp;utm_campaign=mx-hooks&amp;utm_content=ufb-home-body&amp;utm_medium=referral&amp;utm_source=marketplace&amp;utm_term=" rel="noopener" 
Find out how,https://www.udemy.com/https://about.udemy.co
"
Udemy Business
",https://www.udemy.com//udemy-business/?locale=en_US&amp;mx_pg=home-page&amp;path=%2F&amp;ref=footer" rel="noopener" 
"
Teach on Udemy
",https://www.udemy.com//teaching/?re
"
Get the app
",https://www.udemy.com//mobile/" rel="noopener noreferrer" 
"
About us
",https://www.udemy.com/https://about.udemy.com
"
Contact us
",https://www.udemy.com/https://about.udemy.com/company?locale
"
Careers
",https://www.udemy.com/https://about.udemy.com/career
"
Blog
",https://www.udemy.com/https://blog.udemy.c
"
Help and Support
",https://www.udemy.com/
"
Affiliate
",https://www.udemy.com/
"
Impressum Kontakt
",https://www.udemy.com//terms/imprint-contact/" style="
"
Terms
",https://www.udemy.com/
"
Privacy policy
",https://www.udemy.com//
"
Cookie settings
",https://www.udemy.com/javascript:void(0);" style="
"
Sitemap
",https://www.udemy.com/
"

",https://www.udemy.com//" style=
